day,setup,direction,regime,signal_ts,entry_ts,exit_ts,entry,exit,qty,one_r,r_gross,r_net,mfe_r,mae_r,hold_min,exit_reason,costs,slippage
2025-09-04,C5_SIMPLE_ATM_BUY,SHORT,,2025-09-04 09:34:00+05:30,2025-09-04 09:35:00+05:30,2025-09-04 11:08:00+05:30,136.24,95.27,20,871.32,-0.9404,-1.0,5.5315,-0.97,93.0,EXIT_STOP_PREMIUM,51.92,15.55
2025-09-11,C5_SIMPLE_ATM_BUY,SHORT,,2025-09-11 09:34:00+05:30,2025-09-11 09:35:00+05:30,2025-09-11 11:30:00+05:30,96.24,67.27,20,629.93,-0.9198,-1.0,8.4415,-1.3101,115.0,EXIT_STOP_PREMIUM,50.53,12.16
2025-09-18,C5_SIMPLE_ATM_BUY,LONG,,2025-09-18 09:34:00+05:30,2025-09-18 09:35:00+05:30,2025-09-18 10:05:00+05:30,127.92,89.44,20,821.23,-0.9371,-1.0,3.217,-1.0596,30.0,EXIT_STOP_PREMIUM,51.63,14.85
2025-09-25,C5_SIMPLE_ATM_BUY,SHORT,,2025-09-25 09:34:00+05:30,2025-09-25 09:35:00+05:30,2025-09-25 09:37:00+05:30,97.24,67.97,20,635.97,-0.9205,-1.0,0.4157,-0.9904,2.0,EXIT_STOP_PREMIUM,50.57,12.24
2025-10-02,C5_SIMPLE_ATM_BUY,SHORT,,2025-10-02 09:34:00+05:30,2025-10-02 09:35:00+05:30,2025-10-02 09:52:00+05:30,121.55,84.98,20,782.81,-0.9343,-1.0,1.1316,-1.3662,17.0,EXIT_STOP_PREMIUM,51.41,14.31
2025-10-09,C5_SIMPLE_ATM_BUY,LONG,,2025-10-09 09:34:00+05:30,2025-10-09 09:35:00+05:30,2025-10-09 09:37:00+05:30,141.6,99.02,20,903.71,-0.9423,-1.0,0.0,-1.0528,2.0,EXIT_STOP_PREMIUM,52.11,16.01
2025-10-16,C5_SIMPLE_ATM_BUY,SHORT,,2025-10-16 09:34:00+05:30,2025-10-16 09:35:00+05:30,2025-10-16 12:37:00+05:30,126.82,88.67,20,814.59,-0.9367,-1.0,11.5407,-1.2819,182.0,EXIT_STOP_PREMIUM,51.59,14.75
2025-10-23,C5_SIMPLE_ATM_BUY,SHORT,,2025-10-23 09:34:00+05:30,2025-10-23 09:35:00+05:30,2025-10-23 09:37:00+05:30,98.34,68.74,20,642.61,-0.9212,-1.0,0.0,-1.0733,2.0,EXIT_STOP_PREMIUM,50.61,12.34
2025-10-30,C5_SIMPLE_ATM_BUY,SHORT,,2025-10-30 09:34:00+05:30,2025-10-30 09:35:00+05:30,2025-10-30 09:46:00+05:30,102.61,71.73,20,668.35,-0.9241,-1.0,1.4448,-1.1581,11.0,EXIT_STOP_PREMIUM,50.75,12.7
2025-11-06,C5_SIMPLE_ATM_BUY,SHORT,,2025-11-06 09:34:00+05:30,2025-11-06 09:35:00+05:30,2025-11-06 09:37:00+05:30,102.71,71.8,20,668.96,-0.9241,-1.0,0.0,-1.2889,2.0,EXIT_STOP_PREMIUM,50.76,12.71
2025-11-13,C5_SIMPLE_ATM_BUY,SHORT,,2025-11-13 09:34:00+05:30,2025-11-13 09:35:00+05:30,2025-11-13 09:41:00+05:30,113.73,79.51,20,735.54,-0.9305,-1.0,0.4221,-1.0079,6.0,EXIT_STOP_PREMIUM,51.14,13.64
2025-11-20,C5_SIMPLE_ATM_BUY,LONG,,2025-11-20 09:34:00+05:30,2025-11-20 09:35:00+05:30,2025-11-20 10:24:00+05:30,117.34,82.04,20,757.27,-0.9323,-1.0,4.68,-1.1952,49.0,EXIT_STOP_PREMIUM,51.27,13.95
2025-11-27,C5_SIMPLE_ATM_BUY,LONG,,2025-11-27 09:34:00+05:30,2025-11-27 09:35:00+05:30,2025-11-27 09:36:00+05:30,134.33,93.93,20,859.85,-0.9397,-1.0,0.0,-1.0395,1.0,EXIT_STOP_PREMIUM,51.85,15.39
2025-12-04,C5_SIMPLE_ATM_BUY,SHORT,,2025-12-04 09:34:00+05:30,2025-12-04 09:35:00+05:30,2025-12-04 10:18:00+05:30,136.84,95.69,20,874.94,-0.9406,-1.0,2.2928,-1.0374,43.0,EXIT_STOP_PREMIUM,51.94,15.6
2025-12-11,C5_SIMPLE_ATM_BUY,SHORT,,2025-12-11 09:34:00+05:30,2025-12-11 09:35:00+05:30,2025-12-11 10:13:00+05:30,121.55,84.98,20,782.81,-0.9343,-1.0,3.4598,-1.6114,38.0,EXIT_STOP_PREMIUM,51.41,14.31
2025-12-18,C5_SIMPLE_ATM_BUY,LONG,,2025-12-18 09:34:00+05:30,2025-12-18 09:35:00+05:30,2025-12-18 11:47:00+05:30,131.88,92.22,20,844.97,-0.9387,-1.0,8.9412,-1.0761,132.0,EXIT_STOP_PREMIUM,51.77,15.18
2025-12-25,C5_SIMPLE_ATM_BUY,SHORT,,2025-12-25 09:34:00+05:30,2025-12-25 09:35:00+05:30,2025-12-25 09:45:00+05:30,98.7,68.99,20,644.82,-0.9215,-1.0,0.1879,-1.1739,10.0,EXIT_STOP_PREMIUM,50.62,12.37
2026-01-01,C5_SIMPLE_ATM_BUY,LONG,,2026-01-01 09:34:00+05:30,2026-01-01 09:35:00+05:30,2026-01-01 09:51:00+05:30,103.76,72.53,20,675.39,-0.9248,-1.0,2.9341,-0.9994,16.0,EXIT_STOP_PREMIUM,50.79,12.8
2026-01-08,C5_SIMPLE_ATM_BUY,LONG,,2026-01-08 09:34:00+05:30,2026-01-08 09:35:00+05:30,2026-01-08 09:40:00+05:30,109.27,76.39,20,708.59,-0.928,-1.0,1.3444,-0.9436,5.0,EXIT_STOP_PREMIUM,50.99,13.26
2026-01-15,C5_SIMPLE_ATM_BUY,SHORT,,2026-01-15 09:34:00+05:30,2026-01-15 09:35:00+05:30,2026-01-15 09:37:00+05:30,119.95,83.87,20,772.96,-0.9336,-1.0,0.1191,-0.9424,2.0,EXIT_STOP_PREMIUM,51.36,14.17
2026-01-22,C5_SIMPLE_ATM_BUY,SHORT,,2026-01-22 09:34:00+05:30,2026-01-22 09:35:00+05:30,2026-01-22 09:37:00+05:30,140.35,98.14,20,896.26,-0.9419,-1.0,0.0,-1.0567,2.0,EXIT_STOP_PREMIUM,52.06,15.9
2026-01-29,C5_SIMPLE_ATM_BUY,SHORT,,2026-01-29 09:34:00+05:30,2026-01-29 09:35:00+05:30,2026-01-29 14:47:00+05:30,133.98,93.69,20,857.64,-0.9396,-1.0,20.8341,-1.1638,312.0,EXIT_STOP_PREMIUM,51.84,15.36
2026-02-05,C5_SIMPLE_ATM_BUY,SHORT,,2026-02-05 09:34:00+05:30,2026-02-05 09:35:00+05:30,2026-02-05 09:47:00+05:30,100.25,70.07,20,654.27,-0.9226,-1.0,2.0577,-1.0264,12.0,EXIT_STOP_PREMIUM,50.67,12.5
2026-02-12,C5_SIMPLE_ATM_BUY,LONG,,2026-02-12 09:34:00+05:30,2026-02-12 09:35:00+05:30,2026-02-12 09:44:00+05:30,137.94,96.46,20,881.58,-0.941,-1.0,0.8932,-0.9901,9.0,EXIT_STOP_PREMIUM,51.98,15.7
2026-02-19,C5_SIMPLE_ATM_BUY,LONG,,2026-02-19 09:34:00+05:30,2026-02-19 09:35:00+05:30,2026-02-19 15:09:00+05:30,143.56,654.27,20,915.57,11.1561,11.0763,16.7191,-0.838,334.0,EXIT_HARD_FLAT,73.05,43.87
2026-02-26,C5_SIMPLE_ATM_BUY,LONG,,2026-02-26 09:34:00+05:30,2026-02-26 09:35:00+05:30,2026-02-26 09:46:00+05:30,118.6,82.92,20,764.91,-0.9329,-1.0,1.6604,-1.0619,11.0,EXIT_STOP_PREMIUM,51.31,14.06
2026-03-05,C5_SIMPLE_ATM_BUY,LONG,,2026-03-05 09:34:00+05:30,2026-03-05 09:35:00+05:30,2026-03-05 09:41:00+05:30,116.39,81.37,20,751.63,-0.9318,-1.0,0.5267,-0.9989,6.0,EXIT_STOP_PREMIUM,51.23,13.87
2026-03-12,C5_SIMPLE_ATM_BUY,LONG,,2026-03-12 09:34:00+05:30,2026-03-12 09:35:00+05:30,2026-03-12 10:10:00+05:30,128.32,89.72,20,823.65,-0.9373,-1.0,1.4792,-1.1919,35.0,EXIT_STOP_PREMIUM,51.65,14.88
2026-03-19,C5_SIMPLE_ATM_BUY,SHORT,,2026-03-19 09:34:00+05:30,2026-03-19 09:35:00+05:30,2026-03-19 15:09:00+05:30,103.81,601.2,20,675.6,14.7245,14.6198,25.0696,-0.7696,334.0,EXIT_HARD_FLAT,70.72,39.23
2026-03-26,C5_SIMPLE_ATM_BUY,LONG,,2026-03-26 09:34:00+05:30,2026-03-26 09:35:00+05:30,2026-03-26 09:39:00+05:30,123.96,86.67,20,797.29,-0.9354,-1.0,0.0,-1.3383,4.0,EXIT_STOP_PREMIUM,51.49,14.51
2026-04-02,C5_SIMPLE_ATM_BUY,SHORT,,2026-04-02 09:34:00+05:30,2026-04-02 09:35:00+05:30,2026-04-02 09:56:00+05:30,108.97,76.18,20,706.78,-0.9279,-1.0,1.8591,-1.171,21.0,EXIT_STOP_PREMIUM,50.98,13.24
2026-04-09,C5_SIMPLE_ATM_BUY,SHORT,,2026-04-09 09:34:00+05:30,2026-04-09 09:35:00+05:30,2026-04-09 09:44:00+05:30,103.71,72.5,20,674.99,-0.9248,-1.0,0.3695,-1.0821,9.0,EXIT_STOP_PREMIUM,50.79,12.79
2026-04-16,C5_SIMPLE_ATM_BUY,SHORT,,2026-04-16 09:34:00+05:30,2026-04-16 09:35:00+05:30,2026-04-16 09:50:00+05:30,110.53,77.27,20,716.23,-0.9288,-1.0,0.4069,-1.5287,15.0,EXIT_STOP_PREMIUM,51.03,13.37
2026-04-23,C5_SIMPLE_ATM_BUY,SHORT,,2026-04-23 09:34:00+05:30,2026-04-23 09:35:00+05:30,2026-04-23 10:46:00+05:30,132.33,92.53,20,847.79,-0.9389,-1.0,4.448,-1.2084,71.0,EXIT_STOP_PREMIUM,51.79,15.22
2026-04-30,C5_SIMPLE_ATM_BUY,SHORT,,2026-04-30 09:34:00+05:30,2026-04-30 09:35:00+05:30,2026-04-30 09:43:00+05:30,132.18,92.43,20,846.78,-0.9389,-1.0,0.3105,-1.3669,8.0,EXIT_STOP_PREMIUM,51.78,15.21
2026-05-07,C5_SIMPLE_ATM_BUY,LONG,,2026-05-07 09:34:00+05:30,2026-05-07 09:35:00+05:30,2026-05-07 10:07:00+05:30,120.45,84.21,20,776.17,-0.9338,-1.0,2.0671,-1.0157,32.0,EXIT_STOP_PREMIUM,51.37,14.21
2026-05-14,C5_SIMPLE_ATM_BUY,LONG,,2026-05-14 09:34:00+05:30,2026-05-14 09:35:00+05:30,2026-05-14 09:40:00+05:30,102.35,71.54,20,666.95,-0.9239,-1.0,0.0523,-1.2623,5.0,EXIT_STOP_PREMIUM,50.75,12.68
2026-05-21,C5_SIMPLE_ATM_BUY,SHORT,,2026-05-21 09:34:00+05:30,2026-05-21 09:35:00+05:30,2026-05-21 09:40:00+05:30,134.94,94.36,20,863.48,-0.9399,-1.0,0.0515,-1.0239,5.0,EXIT_STOP_PREMIUM,51.88,15.44
2026-05-28,C5_SIMPLE_ATM_BUY,SHORT,,2026-05-28 09:34:00+05:30,2026-05-28 09:35:00+05:30,2026-05-28 09:44:00+05:30,117.59,82.21,20,758.87,-0.9324,-1.0,0.5558,-0.9964,9.0,EXIT_STOP_PREMIUM,51.27,13.97
2026-06-04,C5_SIMPLE_ATM_BUY,SHORT,,2026-06-04 09:34:00+05:30,2026-06-04 09:35:00+05:30,2026-06-04 10:25:00+05:30,140.55,98.29,20,897.27,-0.942,-1.0,2.9092,-0.9769,50.0,EXIT_STOP_PREMIUM,52.07,15.92
2026-06-11,C5_SIMPLE_ATM_BUY,SHORT,,2026-06-11 09:34:00+05:30,2026-06-11 09:35:00+05:30,2026-06-11 10:28:00+05:30,99.2,69.34,20,647.84,-0.9218,-1.0,3.555,-0.9678,53.0,EXIT_STOP_PREMIUM,50.64,12.41
2026-06-18,C5_SIMPLE_ATM_BUY,LONG,,2026-06-18 09:34:00+05:30,2026-06-18 09:35:00+05:30,2026-06-18 09:41:00+05:30,124.16,86.81,20,798.5,-0.9355,-1.0,0.1849,-1.4521,6.0,EXIT_STOP_PREMIUM,51.5,14.53
2026-06-25,C5_SIMPLE_ATM_BUY,SHORT,,2026-06-25 09:34:00+05:30,2026-06-25 09:35:00+05:30,2026-06-25 09:44:00+05:30,121.05,84.63,20,779.79,-0.9341,-1.0,0.8093,-1.4041,9.0,EXIT_STOP_PREMIUM,51.39,14.26
2026-07-02,C5_SIMPLE_ATM_BUY,SHORT,,2026-07-02 09:34:00+05:30,2026-07-02 09:35:00+05:30,2026-07-02 09:51:00+05:30,99.3,69.41,20,648.44,-0.9219,-1.0,1.4218,-0.9909,16.0,EXIT_STOP_PREMIUM,50.64,12.42
2026-07-09,C5_SIMPLE_ATM_BUY,SHORT,,2026-07-09 09:34:00+05:30,2026-07-09 09:35:00+05:30,2026-07-09 09:39:00+05:30,103.41,72.29,20,673.18,-0.9246,-1.0,0.2995,-1.0163,4.0,EXIT_STOP_PREMIUM,50.78,12.77
2026-07-16,C5_SIMPLE_ATM_BUY,LONG,,2026-07-16 09:34:00+05:30,2026-07-16 09:35:00+05:30,2026-07-16 10:41:00+05:30,119.9,83.83,20,772.75,-0.9335,-1.0,6.1626,-1.0297,66.0,EXIT_STOP_PREMIUM,51.35,14.17
2026-07-23,C5_SIMPLE_ATM_BUY,SHORT,,2026-07-23 09:34:00+05:30,2026-07-23 09:35:00+05:30,2026-07-23 11:35:00+05:30,120.5,84.25,20,776.38,-0.9338,-1.0,6.9967,-1.6363,120.0,EXIT_STOP_PREMIUM,51.38,14.22
2026-07-30,C5_SIMPLE_ATM_BUY,LONG,,2026-07-30 09:34:00+05:30,2026-07-30 09:35:00+05:30,2026-07-30 09:38:00+05:30,109.07,76.25,20,707.38,-0.9279,-1.0,0.0,-1.0356,3.0,EXIT_STOP_PREMIUM,50.98,13.25
2026-08-06,C5_SIMPLE_ATM_BUY,LONG,,2026-08-06 09:34:00+05:30,2026-08-06 09:35:00+05:30,2026-08-06 09:38:00+05:30,106.01,74.11,20,688.87,-0.9262,-1.0,0.0,-1.1478,3.0,EXIT_STOP_PREMIUM,50.87,12.99
2026-08-13,C5_SIMPLE_ATM_BUY,SHORT,,2026-08-13 09:34:00+05:30,2026-08-13 09:35:00+05:30,2026-08-13 15:09:00+05:30,127.07,907.2,20,816.0,19.1208,19.0197,19.8916,-0.3461,334.0,EXIT_HARD_FLAT,82.45,55.69
2026-08-20,C5_SIMPLE_ATM_BUY,SHORT,,2026-08-20 09:34:00+05:30,2026-08-20 09:35:00+05:30,2026-08-20 09:38:00+05:30,136.04,95.13,20,870.11,-0.9403,-1.0,0.4062,-1.0495,3.0,EXIT_STOP_PREMIUM,51.91,15.54
2026-08-27,C5_SIMPLE_ATM_BUY,SHORT,,2026-08-27 09:34:00+05:30,2026-08-27 09:35:00+05:30,2026-08-27 09:43:00+05:30,126.21,88.25,20,810.77,-0.9364,-1.0,0.9484,-1.0273,8.0,EXIT_STOP_PREMIUM,51.57,14.7
2026-09-03,C5_SIMPLE_ATM_BUY,SHORT,,2026-09-03 09:34:00+05:30,2026-09-03 09:35:00+05:30,2026-09-03 10:37:00+05:30,129.12,90.28,20,828.47,-0.9376,-1.0,5.5433,-1.2023,62.0,EXIT_STOP_PREMIUM,51.67,14.95
2026-09-10,C5_SIMPLE_ATM_BUY,SHORT,,2026-09-10 09:34:00+05:30,2026-09-10 09:35:00+05:30,2026-09-10 09:55:00+05:30,133.78,93.55,20,856.44,-0.9395,-1.0,1.1516,-0.9409,20.0,EXIT_STOP_PREMIUM,51.84,15.34
2026-09-17,C5_SIMPLE_ATM_BUY,SHORT,,2026-09-17 09:34:00+05:30,2026-09-17 09:35:00+05:30,2026-09-17 09:38:00+05:30,132.78,92.85,20,850.4,-0.9391,-1.0,0.2726,-1.12,3.0,EXIT_STOP_PREMIUM,51.8,15.26
2026-09-24,C5_SIMPLE_ATM_BUY,LONG,,2026-09-24 09:34:00+05:30,2026-09-24 09:35:00+05:30,2026-09-24 10:27:00+05:30,104.71,73.2,20,681.03,-0.9254,-1.0,3.388,-1.0826,52.0,EXIT_STOP_PREMIUM,50.83,12.88
2026-10-01,C5_SIMPLE_ATM_BUY,LONG,,2026-10-01 09:34:00+05:30,2026-10-01 09:35:00+05:30,2026-10-01 09:38:00+05:30,96.09,67.16,20,629.13,-0.9197,-1.0,0.2216,-1.1541,3.0,EXIT_STOP_PREMIUM,50.53,12.15
2026-10-08,C5_SIMPLE_ATM_BUY,LONG,,2026-10-08 09:34:00+05:30,2026-10-08 09:35:00+05:30,2026-10-08 09:57:00+05:30,137.84,96.39,20,880.98,-0.941,-1.0,0.9506,-0.9818,22.0,EXIT_STOP_PREMIUM,51.98,15.69
2026-10-15,C5_SIMPLE_ATM_BUY,SHORT,,2026-10-15 09:34:00+05:30,2026-10-15 09:35:00+05:30,2026-10-15 09:37:00+05:30,128.02,89.51,20,821.84,-0.9372,-1.0,0.0,-1.2382,2.0,EXIT_STOP_PREMIUM,51.64,14.86
2026-10-22,C5_SIMPLE_ATM_BUY,SHORT,,2026-10-22 09:34:00+05:30,2026-10-22 09:35:00+05:30,2026-10-22 10:23:00+05:30,113.08,79.06,20,731.52,-0.9301,-1.0,4.8178,-0.9945,48.0,EXIT_STOP_PREMIUM,51.12,13.59
